{"cameraMode":{"drawMode":0,"name":"Shaded","section":"Shading Mode"},"sceneLighting":true,"audioPlay":false,"sceneViewState":{"m_AlwaysRefresh":false,"showFog":true,"showSkybox":true,"showFlares":true,"showImageEffects":true,"showParticleSystems":true,"showVisualEffectGraphs":true,"m_FxEnabled":true},"in2DMode":false,"pivot":{"x":-74.67061614990235,"y":321.2485656738281,"z":-10.28179931640625},"rotation":{"x":-0.012309342622756958,"y":0.003596863942220807,"z":-0.00004450523556442931,"w":-0.9999108910560608},"size":418.06536865234377,"orthographic":false}