{"cameraMode":{"drawMode":0,"name":"Shaded","section":"Shading Mode"},"sceneLighting":true,"audioPlay":false,"sceneViewState":{"m_AlwaysRefresh":false,"showFog":true,"showSkybox":true,"showFlares":true,"showImageEffects":true,"showParticleSystems":true,"showVisualEffectGraphs":true,"m_FxEnabled":true},"in2DMode":false,"pivot":{"x":1355.7957763671875,"y":371.04071044921877,"z":1.23724365234375},"rotation":{"x":-0.012309342622756958,"y":0.003596863942220807,"z":-0.00004450523556442931,"w":-0.9999108910560608},"size":485.8655090332031,"orthographic":false}