{"cameraMode":{"drawMode":0,"name":"Shaded","section":"Shading Mode"},"sceneLighting":true,"audioPlay":false,"sceneViewState":{"m_AlwaysRefresh":false,"showFog":true,"showSkybox":true,"showFlares":true,"showImageEffects":true,"showParticleSystems":true,"showVisualEffectGraphs":true,"m_FxEnabled":true},"in2DMode":false,"pivot":{"x":565.7278442382813,"y":605.24951171875,"z":-19.65081787109375},"rotation":{"x":-0.0033092519734054806,"y":0.017096320167183877,"z":-0.00005643391341436654,"w":-0.9998466968536377},"size":632.8549194335938,"orthographic":false}