{"cameraMode":{"drawMode":0,"name":"Shaded","section":"Shading Mode"},"sceneLighting":true,"audioPlay":false,"sceneViewState":{"m_AlwaysRefresh":false,"showFog":true,"showSkybox":true,"showFlares":true,"showImageEffects":true,"showParticleSystems":true,"showVisualEffectGraphs":true,"m_FxEnabled":true},"in2DMode":false,"pivot":{"x":814.2943725585938,"y":513.159912109375,"z":-715.1976318359375},"rotation":{"x":0.04764948785305023,"y":-0.030862780287861825,"z":-0.0014728010864928365,"w":-0.9983879327774048},"size":132.19381713867188,"orthographic":false}