{"cameraMode":{"drawMode":0,"name":"Shaded","section":"Shading Mode"},"sceneLighting":true,"audioPlay":false,"sceneViewState":{"m_AlwaysRefresh":false,"showFog":true,"showSkybox":true,"showFlares":true,"showImageEffects":true,"showParticleSystems":true,"showVisualEffectGraphs":true,"m_FxEnabled":true},"in2DMode":false,"pivot":{"x":685.6886596679688,"y":542.5612182617188,"z":-3.5926513671875},"rotation":{"x":-0.0018097686115652323,"y":0.006597062572836876,"z":-0.000012158330719103105,"w":-0.9999690055847168},"size":525.2745971679688,"orthographic":false}