{"cameraMode":{"drawMode":0,"name":"Shaded","section":"Shading Mode"},"sceneLighting":false,"audioPlay":false,"sceneViewState":{"m_AlwaysRefresh":false,"showFog":true,"showSkybox":false,"showFlares":true,"showImageEffects":true,"showParticleSystems":true,"showVisualEffectGraphs":true,"m_FxEnabled":true},"in2DMode":false,"pivot":{"x":0.003443896770477295,"y":5.9078779220581059,"z":0.018814563751220704},"rotation":{"x":0.007187650538980961,"y":0.0260934941470623,"z":0.0001874299778137356,"w":-0.9996326565742493},"size":1.480475664138794,"orthographic":false}