{"cameraMode":{"drawMode":0,"name":"Shaded","section":"Shading Mode"},"sceneLighting":false,"audioPlay":false,"sceneViewState":{"m_AlwaysRefresh":false,"showFog":true,"showSkybox":false,"showFlares":true,"showImageEffects":true,"showParticleSystems":true,"showVisualEffectGraphs":true,"m_FxEnabled":true},"in2DMode":false,"pivot":{"x":-0.007663905620574951,"y":0.5253575444221497,"z":-0.18215593695640565},"rotation":{"x":0.007187650538980961,"y":0.0260934941470623,"z":0.0001874299778137356,"w":-0.9996326565742493},"size":0.9155712127685547,"orthographic":false}