{"cameraMode":{"drawMode":0,"name":"Shaded","section":"Shading Mode"},"sceneLighting":false,"audioPlay":false,"sceneViewState":{"m_AlwaysRefresh":false,"showFog":true,"showSkybox":false,"showFlares":true,"showImageEffects":true,"showParticleSystems":true,"showVisualEffectGraphs":true,"m_FxEnabled":true},"in2DMode":false,"pivot":{"x":-0.06087601184844971,"y":0.9200422763824463,"z":0.2184199094772339},"rotation":{"x":0.007187650538980961,"y":0.0260934941470623,"z":0.0001874299778137356,"w":-0.9996326565742493},"size":1.388643741607666,"orthographic":false}