{"cameraMode":{"drawMode":0,"name":"Shaded","section":"Shading Mode"},"sceneLighting":false,"audioPlay":false,"sceneViewState":{"m_AlwaysRefresh":false,"showFog":true,"showSkybox":false,"showFlares":true,"showImageEffects":true,"showParticleSystems":true,"showVisualEffectGraphs":true,"m_FxEnabled":true},"in2DMode":false,"pivot":{"x":3.9808402061462404,"y":5.825837135314941,"z":-0.4553897976875305},"rotation":{"x":0.007187650538980961,"y":0.0260934941470623,"z":0.0001874299778137356,"w":-0.9996326565742493},"size":2.304203748703003,"orthographic":false}